{"cameraMode":{"drawMode":0,"name":"Shaded","section":"Shading Mode"},"sceneLighting":true,"audioPlay":false,"sceneViewState":{"showFog":true,"showMaterialUpdate":false,"showSkybox":true,"showFlares":true,"showImageEffects":true,"showParticleSystems":true},"in2DMode":false,"pivot":{"x":25.17226791381836,"y":0.7420779466629028,"z":25.773710250854493},"rotation":{"x":-0.30291494727134707,"y":-0.4736717641353607,"z":0.17764781415462495,"w":-0.8076786994934082},"size":1.6614388227462769,"orthographic":false}